path,tracked_status,category,public_value,research_critical,reproducibility_critical,runtime_required,documentation_required,generated_or_source,keep_remove_archive,reason,replacement_if_any
.dockerignore,TRACKED,A. KEEP - CORE SOURCE CODE,High,No,No,No,No,Source,KEEP,Supported CI or deployment definition.,
.env.example,TRACKED,C. KEEP - REPRODUCIBILITY / GOVERNANCE,High,No,Yes,No,No,Source,KEEP,"Canonical packaging, dependency, environment, rights, or exclusion control.",
.github/workflows/quality.yml,TRACKED,A. KEEP - CORE SOURCE CODE,High,No,No,No,No,Source,KEEP,Supported CI or deployment definition.,
.gitignore,TRACKED,C. KEEP - REPRODUCIBILITY / GOVERNANCE,High,No,Yes,No,No,Source,KEEP,"Canonical packaging, dependency, environment, rights, or exclusion control.",
CHANGELOG.md,TRACKED,B. KEEP - RESEARCH DOCUMENTATION,High,No,No,No,Yes,Source,KEEP,"Durable public methodology, governance, user guidance, research summary, or assurance record.",
CONTRIBUTING.md,TRACKED,B. KEEP - RESEARCH DOCUMENTATION,High,No,No,No,Yes,Source,KEEP,"Durable public methodology, governance, user guidance, research summary, or assurance record.",
Dockerfile,TRACKED,A. KEEP - CORE SOURCE CODE,High,No,No,No,No,Source,KEEP,Supported CI or deployment definition.,
LICENSE,TRACKED,C. KEEP - REPRODUCIBILITY / GOVERNANCE,High,No,Yes,No,No,Source,KEEP,"Canonical packaging, dependency, environment, rights, or exclusion control.",
README.md,TRACKED,B. KEEP - RESEARCH DOCUMENTATION,High,No,No,No,Yes,Source,KEEP,"Durable public methodology, governance, user guidance, research summary, or assurance record.",
SECURITY.md,TRACKED,B. KEEP - RESEARCH DOCUMENTATION,High,No,No,No,Yes,Source,KEEP,"Durable public methodology, governance, user guidance, research summary, or assurance record.",
config/asset_pricing.yaml,TRACKED,C. KEEP - REPRODUCIBILITY / GOVERNANCE,High,Yes,Yes,No,No,Source,KEEP,Frozen research and delivery configuration.,
config/base.yaml,TRACKED,C. KEEP - REPRODUCIBILITY / GOVERNANCE,High,Yes,Yes,No,No,Source,KEEP,Frozen research and delivery configuration.,
config/delivery.container.yaml,TRACKED,C. KEEP - REPRODUCIBILITY / GOVERNANCE,High,Yes,Yes,No,No,Source,KEEP,Frozen research and delivery configuration.,
config/delivery.yaml,TRACKED,C. KEEP - REPRODUCIBILITY / GOVERNANCE,High,Yes,Yes,No,No,Source,KEEP,Frozen research and delivery configuration.,
config/factors.yaml,TRACKED,C. KEEP - REPRODUCIBILITY / GOVERNANCE,High,Yes,Yes,No,No,Source,KEEP,Frozen research and delivery configuration.,
config/machine_learning.yaml,TRACKED,C. KEEP - REPRODUCIBILITY / GOVERNANCE,High,Yes,Yes,No,No,Source,KEEP,Frozen research and delivery configuration.,
config/portfolio.yaml,TRACKED,C. KEEP - REPRODUCIBILITY / GOVERNANCE,High,Yes,Yes,No,No,Source,KEEP,Frozen research and delivery configuration.,
data/README.md,TRACKED,E. KEEP - EXAMPLE / SMALL PUBLIC DATA,High,No,No,No,Yes,Source,KEEP,Small redistributable template or data-access documentation.,
docker-compose.yml,TRACKED,A. KEEP - CORE SOURCE CODE,High,No,No,No,No,Source,KEEP,Supported CI or deployment definition.,
docs/ADMISSIONS_PROJECT_SUMMARY.md,TRACKED,B. KEEP - RESEARCH DOCUMENTATION,High,No,No,No,Yes,Source,KEEP,"Durable public methodology, governance, user guidance, research summary, or assurance record.",
docs/DATA_ARCHITECTURE.md,TRACKED,B. KEEP - RESEARCH DOCUMENTATION,High,No,No,No,Yes,Source,KEEP,"Durable public methodology, governance, user guidance, research summary, or assurance record.",
docs/DATA_CONTRACTS.md,TRACKED,B. KEEP - RESEARCH DOCUMENTATION,High,No,No,No,Yes,Source,KEEP,"Durable public methodology, governance, user guidance, research summary, or assurance record.",
docs/DATA_GOVERNANCE.md,TRACKED,B. KEEP - RESEARCH DOCUMENTATION,High,No,No,No,Yes,Source,KEEP,"Durable public methodology, governance, user guidance, research summary, or assurance record.",
docs/DATA_QUALITY.md,TRACKED,B. KEEP - RESEARCH DOCUMENTATION,High,No,No,No,Yes,Source,KEEP,"Durable public methodology, governance, user guidance, research summary, or assurance record.",
docs/DATA_SOURCE_GUIDE.md,TRACKED,B. KEEP - RESEARCH DOCUMENTATION,High,No,No,No,Yes,Source,KEEP,"Durable public methodology, governance, user guidance, research summary, or assurance record.",
docs/DEVELOPMENT_CONSTITUTION.md,TRACKED,B. KEEP - RESEARCH DOCUMENTATION,High,No,No,No,Yes,Source,KEEP,"Durable public methodology, governance, user guidance, research summary, or assurance record.",
docs/EMPIRICAL_DATA_QUALITY_REPORT.md,TRACKED,B. KEEP - RESEARCH DOCUMENTATION,High,No,No,No,Yes,Source,KEEP,"Durable public methodology, governance, user guidance, research summary, or assurance record.",
docs/EMPIRICAL_VALIDATION_BLOCKER_REPORT.md,TRACKED,G. REMOVE - DUPLICATE / OBSOLETE DOCUMENT,Low after consolidation,No,No,No,No,Historical development documentation,REMOVE FROM PUBLIC TREE; PRESERVED IN GIT HISTORY,"Superseded phase audit, remediation, implementation, blocker, or validation record; durable conclusions are retained in canonical final documentation and the new assurance index.",docs/REPRODUCIBILITY_AND_ASSURANCE.md
docs/FINAL_EXECUTIVE_RESEARCH_MEMO.md,TRACKED,B. KEEP - RESEARCH DOCUMENTATION,High,No,No,No,Yes,Source,KEEP,"Durable public methodology, governance, user guidance, research summary, or assurance record.",
docs/FINAL_PLATFORM_ARCHITECTURE.md,TRACKED,G. REMOVE - DUPLICATE / OBSOLETE DOCUMENT,Low after consolidation,No,No,No,No,Historical development documentation,REMOVE FROM PUBLIC TREE; PRESERVED IN GIT HISTORY,"Superseded phase audit, remediation, implementation, blocker, or validation record; durable conclusions are retained in canonical final documentation and the new assurance index.",docs/REPRODUCIBILITY_AND_ASSURANCE.md
docs/FINAL_PROJECT_ASSURANCE_REPORT.md,TRACKED,B. KEEP - RESEARCH DOCUMENTATION,High,No,No,No,Yes,Source,KEEP,"Durable public methodology, governance, user guidance, research summary, or assurance record.",
docs/FINAL_REPOSITORY_ASSURANCE.md,TRACKED,G. REMOVE - DUPLICATE / OBSOLETE DOCUMENT,Low after consolidation,No,No,No,No,Historical development documentation,REMOVE FROM PUBLIC TREE; PRESERVED IN GIT HISTORY,"Superseded phase audit, remediation, implementation, blocker, or validation record; durable conclusions are retained in canonical final documentation and the new assurance index.",docs/REPRODUCIBILITY_AND_ASSURANCE.md
docs/FINAL_REPRODUCIBILITY_GUIDE.md,TRACKED,B. KEEP - RESEARCH DOCUMENTATION,High,No,No,No,Yes,Source,KEEP,"Durable public methodology, governance, user guidance, research summary, or assurance record.",
docs/FINAL_RESEARCH_PAPER.md,TRACKED,B. KEEP - RESEARCH DOCUMENTATION,High,No,No,No,Yes,Source,KEEP,"Durable public methodology, governance, user guidance, research summary, or assurance record.",
docs/FINAL_SYSTEM_ARCHITECTURE.md,TRACKED,B. KEEP - RESEARCH DOCUMENTATION,High,No,No,No,Yes,Source,KEEP,"Durable public methodology, governance, user guidance, research summary, or assurance record.",
docs/FULL_PLATFORM_CAPABILITY_MATRIX.md,TRACKED,G. REMOVE - DUPLICATE / OBSOLETE DOCUMENT,Low after consolidation,No,No,No,No,Historical development documentation,REMOVE FROM PUBLIC TREE; PRESERVED IN GIT HISTORY,"Superseded phase audit, remediation, implementation, blocker, or validation record; durable conclusions are retained in canonical final documentation and the new assurance index.",docs/REPRODUCIBILITY_AND_ASSURANCE.md
docs/FULL_PLATFORM_CAPABILITY_MATRIX_POST_REMEDIATION.md,TRACKED,G. REMOVE - DUPLICATE / OBSOLETE DOCUMENT,Low after consolidation,No,No,No,No,Historical development documentation,REMOVE FROM PUBLIC TREE; PRESERVED IN GIT HISTORY,"Superseded phase audit, remediation, implementation, blocker, or validation record; durable conclusions are retained in canonical final documentation and the new assurance index.",docs/REPRODUCIBILITY_AND_ASSURANCE.md
docs/FULL_PLATFORM_DEFECT_REGISTER.md,TRACKED,G. REMOVE - DUPLICATE / OBSOLETE DOCUMENT,Low after consolidation,No,No,No,No,Historical development documentation,REMOVE FROM PUBLIC TREE; PRESERVED IN GIT HISTORY,"Superseded phase audit, remediation, implementation, blocker, or validation record; durable conclusions are retained in canonical final documentation and the new assurance index.",docs/REPRODUCIBILITY_AND_ASSURANCE.md
docs/FULL_PLATFORM_DEFECT_REGISTER_POST_REMEDIATION.md,TRACKED,G. REMOVE - DUPLICATE / OBSOLETE DOCUMENT,Low after consolidation,No,No,No,No,Historical development documentation,REMOVE FROM PUBLIC TREE; PRESERVED IN GIT HISTORY,"Superseded phase audit, remediation, implementation, blocker, or validation record; durable conclusions are retained in canonical final documentation and the new assurance index.",docs/REPRODUCIBILITY_AND_ASSURANCE.md
docs/FULL_PLATFORM_FUNCTIONAL_ASSURANCE_REPORT.md,TRACKED,G. REMOVE - DUPLICATE / OBSOLETE DOCUMENT,Low after consolidation,No,No,No,No,Historical development documentation,REMOVE FROM PUBLIC TREE; PRESERVED IN GIT HISTORY,"Superseded phase audit, remediation, implementation, blocker, or validation record; durable conclusions are retained in canonical final documentation and the new assurance index.",docs/REPRODUCIBILITY_AND_ASSURANCE.md
docs/FULL_PLATFORM_REASSURANCE_REPORT.md,TRACKED,G. REMOVE - DUPLICATE / OBSOLETE DOCUMENT,Low after consolidation,No,No,No,No,Historical development documentation,REMOVE FROM PUBLIC TREE; PRESERVED IN GIT HISTORY,"Superseded phase audit, remediation, implementation, blocker, or validation record; durable conclusions are retained in canonical final documentation and the new assurance index.",docs/REPRODUCIBILITY_AND_ASSURANCE.md
docs/FULL_PLATFORM_REMEDIATION_REPORT.md,TRACKED,G. REMOVE - DUPLICATE / OBSOLETE DOCUMENT,Low after consolidation,No,No,No,No,Historical development documentation,REMOVE FROM PUBLIC TREE; PRESERVED IN GIT HISTORY,"Superseded phase audit, remediation, implementation, blocker, or validation record; durable conclusions are retained in canonical final documentation and the new assurance index.",docs/REPRODUCIBILITY_AND_ASSURANCE.md
docs/PHASE1_AUDIT_REPORT.md,TRACKED,G. REMOVE - DUPLICATE / OBSOLETE DOCUMENT,Low after consolidation,No,No,No,No,Historical development documentation,REMOVE FROM PUBLIC TREE; PRESERVED IN GIT HISTORY,"Superseded phase audit, remediation, implementation, blocker, or validation record; durable conclusions are retained in canonical final documentation and the new assurance index.",docs/REPRODUCIBILITY_AND_ASSURANCE.md
docs/PHASE1_FINAL_ASSURANCE_REPORT.md,TRACKED,G. REMOVE - DUPLICATE / OBSOLETE DOCUMENT,Low after consolidation,No,No,No,No,Historical development documentation,REMOVE FROM PUBLIC TREE; PRESERVED IN GIT HISTORY,"Superseded phase audit, remediation, implementation, blocker, or validation record; durable conclusions are retained in canonical final documentation and the new assurance index.",docs/REPRODUCIBILITY_AND_ASSURANCE.md
docs/PHASE1_FINAL_REAUDIT_REPORT.md,TRACKED,G. REMOVE - DUPLICATE / OBSOLETE DOCUMENT,Low after consolidation,No,No,No,No,Historical development documentation,REMOVE FROM PUBLIC TREE; PRESERVED IN GIT HISTORY,"Superseded phase audit, remediation, implementation, blocker, or validation record; durable conclusions are retained in canonical final documentation and the new assurance index.",docs/REPRODUCIBILITY_AND_ASSURANCE.md
docs/PHASE1_FINAL_REMEDIATION_IMPLEMENTATION_REPORT.md,TRACKED,G. REMOVE - DUPLICATE / OBSOLETE DOCUMENT,Low after consolidation,No,No,No,No,Historical development documentation,REMOVE FROM PUBLIC TREE; PRESERVED IN GIT HISTORY,"Superseded phase audit, remediation, implementation, blocker, or validation record; durable conclusions are retained in canonical final documentation and the new assurance index.",docs/REPRODUCIBILITY_AND_ASSURANCE.md
docs/PHASE1_IMPLEMENTATION_REPORT.md,TRACKED,G. REMOVE - DUPLICATE / OBSOLETE DOCUMENT,Low after consolidation,No,No,No,No,Historical development documentation,REMOVE FROM PUBLIC TREE; PRESERVED IN GIT HISTORY,"Superseded phase audit, remediation, implementation, blocker, or validation record; durable conclusions are retained in canonical final documentation and the new assurance index.",docs/REPRODUCIBILITY_AND_ASSURANCE.md
docs/PHASE1_POST_REMEDIATION_ASSURANCE_REPORT.md,TRACKED,G. REMOVE - DUPLICATE / OBSOLETE DOCUMENT,Low after consolidation,No,No,No,No,Historical development documentation,REMOVE FROM PUBLIC TREE; PRESERVED IN GIT HISTORY,"Superseded phase audit, remediation, implementation, blocker, or validation record; durable conclusions are retained in canonical final documentation and the new assurance index.",docs/REPRODUCIBILITY_AND_ASSURANCE.md
docs/PHASE1_REAUDIT_REPORT.md,TRACKED,G. REMOVE - DUPLICATE / OBSOLETE DOCUMENT,Low after consolidation,No,No,No,No,Historical development documentation,REMOVE FROM PUBLIC TREE; PRESERVED IN GIT HISTORY,"Superseded phase audit, remediation, implementation, blocker, or validation record; durable conclusions are retained in canonical final documentation and the new assurance index.",docs/REPRODUCIBILITY_AND_ASSURANCE.md
docs/PHASE1_REMEDIATION_REPORT.md,TRACKED,G. REMOVE - DUPLICATE / OBSOLETE DOCUMENT,Low after consolidation,No,No,No,No,Historical development documentation,REMOVE FROM PUBLIC TREE; PRESERVED IN GIT HISTORY,"Superseded phase audit, remediation, implementation, blocker, or validation record; durable conclusions are retained in canonical final documentation and the new assurance index.",docs/REPRODUCIBILITY_AND_ASSURANCE.md
docs/PHASE1_SECOND_REMEDIATION_REPORT.md,TRACKED,G. REMOVE - DUPLICATE / OBSOLETE DOCUMENT,Low after consolidation,No,No,No,No,Historical development documentation,REMOVE FROM PUBLIC TREE; PRESERVED IN GIT HISTORY,"Superseded phase audit, remediation, implementation, blocker, or validation record; durable conclusions are retained in canonical final documentation and the new assurance index.",docs/REPRODUCIBILITY_AND_ASSURANCE.md
docs/PHASE1_THIRD_REMEDIATION_REPORT.md,TRACKED,G. REMOVE - DUPLICATE / OBSOLETE DOCUMENT,Low after consolidation,No,No,No,No,Historical development documentation,REMOVE FROM PUBLIC TREE; PRESERVED IN GIT HISTORY,"Superseded phase audit, remediation, implementation, blocker, or validation record; durable conclusions are retained in canonical final documentation and the new assurance index.",docs/REPRODUCIBILITY_AND_ASSURANCE.md
docs/PHASE2_ARCHITECTURE.md,TRACKED,G. REMOVE - DUPLICATE / OBSOLETE DOCUMENT,Low after consolidation,No,No,No,No,Historical development documentation,REMOVE FROM PUBLIC TREE; PRESERVED IN GIT HISTORY,"Superseded phase audit, remediation, implementation, blocker, or validation record; durable conclusions are retained in canonical final documentation and the new assurance index.",docs/REPRODUCIBILITY_AND_ASSURANCE.md
docs/PHASE2_FACTOR_METHODOLOGY.md,TRACKED,B. KEEP - RESEARCH DOCUMENTATION,High,No,No,No,Yes,Source,KEEP,"Durable public methodology, governance, user guidance, research summary, or assurance record.",
docs/PHASE2_IMPLEMENTATION_REPORT.md,TRACKED,G. REMOVE - DUPLICATE / OBSOLETE DOCUMENT,Low after consolidation,No,No,No,No,Historical development documentation,REMOVE FROM PUBLIC TREE; PRESERVED IN GIT HISTORY,"Superseded phase audit, remediation, implementation, blocker, or validation record; durable conclusions are retained in canonical final documentation and the new assurance index.",docs/REPRODUCIBILITY_AND_ASSURANCE.md
docs/PHASE2_INPUT_GUIDE.md,TRACKED,B. KEEP - RESEARCH DOCUMENTATION,High,No,No,No,Yes,Source,KEEP,"Durable public methodology, governance, user guidance, research summary, or assurance record.",
docs/PHASE2_INTERNAL_AUDIT.md,TRACKED,G. REMOVE - DUPLICATE / OBSOLETE DOCUMENT,Low after consolidation,No,No,No,No,Historical development documentation,REMOVE FROM PUBLIC TREE; PRESERVED IN GIT HISTORY,"Superseded phase audit, remediation, implementation, blocker, or validation record; durable conclusions are retained in canonical final documentation and the new assurance index.",docs/REPRODUCIBILITY_AND_ASSURANCE.md
docs/PHASE2_VALIDATION_REPORT.md,TRACKED,G. REMOVE - DUPLICATE / OBSOLETE DOCUMENT,Low after consolidation,No,No,No,No,Historical development documentation,REMOVE FROM PUBLIC TREE; PRESERVED IN GIT HISTORY,"Superseded phase audit, remediation, implementation, blocker, or validation record; durable conclusions are retained in canonical final documentation and the new assurance index.",docs/REPRODUCIBILITY_AND_ASSURANCE.md
docs/PHASE3_ARCHITECTURE.md,TRACKED,G. REMOVE - DUPLICATE / OBSOLETE DOCUMENT,Low after consolidation,No,No,No,No,Historical development documentation,REMOVE FROM PUBLIC TREE; PRESERVED IN GIT HISTORY,"Superseded phase audit, remediation, implementation, blocker, or validation record; durable conclusions are retained in canonical final documentation and the new assurance index.",docs/REPRODUCIBILITY_AND_ASSURANCE.md
docs/PHASE3_IMPLEMENTATION_REPORT.md,TRACKED,G. REMOVE - DUPLICATE / OBSOLETE DOCUMENT,Low after consolidation,No,No,No,No,Historical development documentation,REMOVE FROM PUBLIC TREE; PRESERVED IN GIT HISTORY,"Superseded phase audit, remediation, implementation, blocker, or validation record; durable conclusions are retained in canonical final documentation and the new assurance index.",docs/REPRODUCIBILITY_AND_ASSURANCE.md
docs/PHASE3_INTERNAL_AUDIT.md,TRACKED,G. REMOVE - DUPLICATE / OBSOLETE DOCUMENT,Low after consolidation,No,No,No,No,Historical development documentation,REMOVE FROM PUBLIC TREE; PRESERVED IN GIT HISTORY,"Superseded phase audit, remediation, implementation, blocker, or validation record; durable conclusions are retained in canonical final documentation and the new assurance index.",docs/REPRODUCIBILITY_AND_ASSURANCE.md
docs/PHASE3_MODEL_METHODOLOGY.md,TRACKED,B. KEEP - RESEARCH DOCUMENTATION,High,No,No,No,Yes,Source,KEEP,"Durable public methodology, governance, user guidance, research summary, or assurance record.",
docs/PHASE3_VALIDATION_REPORT.md,TRACKED,G. REMOVE - DUPLICATE / OBSOLETE DOCUMENT,Low after consolidation,No,No,No,No,Historical development documentation,REMOVE FROM PUBLIC TREE; PRESERVED IN GIT HISTORY,"Superseded phase audit, remediation, implementation, blocker, or validation record; durable conclusions are retained in canonical final documentation and the new assurance index.",docs/REPRODUCIBILITY_AND_ASSURANCE.md
docs/PHASE4_ARCHITECTURE.md,TRACKED,G. REMOVE - DUPLICATE / OBSOLETE DOCUMENT,Low after consolidation,No,No,No,No,Historical development documentation,REMOVE FROM PUBLIC TREE; PRESERVED IN GIT HISTORY,"Superseded phase audit, remediation, implementation, blocker, or validation record; durable conclusions are retained in canonical final documentation and the new assurance index.",docs/REPRODUCIBILITY_AND_ASSURANCE.md
docs/PHASE4_IMPLEMENTATION_REPORT.md,TRACKED,G. REMOVE - DUPLICATE / OBSOLETE DOCUMENT,Low after consolidation,No,No,No,No,Historical development documentation,REMOVE FROM PUBLIC TREE; PRESERVED IN GIT HISTORY,"Superseded phase audit, remediation, implementation, blocker, or validation record; durable conclusions are retained in canonical final documentation and the new assurance index.",docs/REPRODUCIBILITY_AND_ASSURANCE.md
docs/PHASE4_INTERNAL_AUDIT.md,TRACKED,G. REMOVE - DUPLICATE / OBSOLETE DOCUMENT,Low after consolidation,No,No,No,No,Historical development documentation,REMOVE FROM PUBLIC TREE; PRESERVED IN GIT HISTORY,"Superseded phase audit, remediation, implementation, blocker, or validation record; durable conclusions are retained in canonical final documentation and the new assurance index.",docs/REPRODUCIBILITY_AND_ASSURANCE.md
docs/PHASE4_METHODOLOGY.md,TRACKED,B. KEEP - RESEARCH DOCUMENTATION,High,No,No,No,Yes,Source,KEEP,"Durable public methodology, governance, user guidance, research summary, or assurance record.",
docs/PHASE4_VALIDATION_REPORT.md,TRACKED,G. REMOVE - DUPLICATE / OBSOLETE DOCUMENT,Low after consolidation,No,No,No,No,Historical development documentation,REMOVE FROM PUBLIC TREE; PRESERVED IN GIT HISTORY,"Superseded phase audit, remediation, implementation, blocker, or validation record; durable conclusions are retained in canonical final documentation and the new assurance index.",docs/REPRODUCIBILITY_AND_ASSURANCE.md
docs/PHASE5_ARCHITECTURE.md,TRACKED,G. REMOVE - DUPLICATE / OBSOLETE DOCUMENT,Low after consolidation,No,No,No,No,Historical development documentation,REMOVE FROM PUBLIC TREE; PRESERVED IN GIT HISTORY,"Superseded phase audit, remediation, implementation, blocker, or validation record; durable conclusions are retained in canonical final documentation and the new assurance index.",docs/REPRODUCIBILITY_AND_ASSURANCE.md
docs/PHASE5_IMPLEMENTATION_REPORT.md,TRACKED,G. REMOVE - DUPLICATE / OBSOLETE DOCUMENT,Low after consolidation,No,No,No,No,Historical development documentation,REMOVE FROM PUBLIC TREE; PRESERVED IN GIT HISTORY,"Superseded phase audit, remediation, implementation, blocker, or validation record; durable conclusions are retained in canonical final documentation and the new assurance index.",docs/REPRODUCIBILITY_AND_ASSURANCE.md
docs/PHASE5_INTERNAL_AUDIT.md,TRACKED,G. REMOVE - DUPLICATE / OBSOLETE DOCUMENT,Low after consolidation,No,No,No,No,Historical development documentation,REMOVE FROM PUBLIC TREE; PRESERVED IN GIT HISTORY,"Superseded phase audit, remediation, implementation, blocker, or validation record; durable conclusions are retained in canonical final documentation and the new assurance index.",docs/REPRODUCIBILITY_AND_ASSURANCE.md
docs/PHASE5_METHODOLOGY.md,TRACKED,B. KEEP - RESEARCH DOCUMENTATION,High,No,No,No,Yes,Source,KEEP,"Durable public methodology, governance, user guidance, research summary, or assurance record.",
docs/PHASE5_MODEL_CARD_GUIDE.md,TRACKED,B. KEEP - RESEARCH DOCUMENTATION,High,No,No,No,Yes,Source,KEEP,"Durable public methodology, governance, user guidance, research summary, or assurance record.",
docs/PHASE5_MODEL_VALIDATION.md,TRACKED,B. KEEP - RESEARCH DOCUMENTATION,High,No,No,No,Yes,Source,KEEP,"Durable public methodology, governance, user guidance, research summary, or assurance record.",
docs/PHASE6_API_GUIDE.md,TRACKED,B. KEEP - RESEARCH DOCUMENTATION,High,No,No,No,Yes,Source,KEEP,"Durable public methodology, governance, user guidance, research summary, or assurance record.",
docs/PHASE6_ARCHITECTURE.md,TRACKED,G. REMOVE - DUPLICATE / OBSOLETE DOCUMENT,Low after consolidation,No,No,No,No,Historical development documentation,REMOVE FROM PUBLIC TREE; PRESERVED IN GIT HISTORY,"Superseded phase audit, remediation, implementation, blocker, or validation record; durable conclusions are retained in canonical final documentation and the new assurance index.",docs/REPRODUCIBILITY_AND_ASSURANCE.md
docs/PHASE6_DASHBOARD_GUIDE.md,TRACKED,B. KEEP - RESEARCH DOCUMENTATION,High,No,No,No,Yes,Source,KEEP,"Durable public methodology, governance, user guidance, research summary, or assurance record.",
docs/PHASE6_DEPLOYMENT_GUIDE.md,TRACKED,B. KEEP - RESEARCH DOCUMENTATION,High,No,No,No,Yes,Source,KEEP,"Durable public methodology, governance, user guidance, research summary, or assurance record.",
docs/PHASE6_IMPLEMENTATION_REPORT.md,TRACKED,G. REMOVE - DUPLICATE / OBSOLETE DOCUMENT,Low after consolidation,No,No,No,No,Historical development documentation,REMOVE FROM PUBLIC TREE; PRESERVED IN GIT HISTORY,"Superseded phase audit, remediation, implementation, blocker, or validation record; durable conclusions are retained in canonical final documentation and the new assurance index.",docs/REPRODUCIBILITY_AND_ASSURANCE.md
docs/PHASE6_INTERNAL_AUDIT.md,TRACKED,G. REMOVE - DUPLICATE / OBSOLETE DOCUMENT,Low after consolidation,No,No,No,No,Historical development documentation,REMOVE FROM PUBLIC TREE; PRESERVED IN GIT HISTORY,"Superseded phase audit, remediation, implementation, blocker, or validation record; durable conclusions are retained in canonical final documentation and the new assurance index.",docs/REPRODUCIBILITY_AND_ASSURANCE.md
docs/PHASE6_REPORTING_GUIDE.md,TRACKED,B. KEEP - RESEARCH DOCUMENTATION,High,No,No,No,Yes,Source,KEEP,"Durable public methodology, governance, user guidance, research summary, or assurance record.",
docs/PHASE6_SECURITY.md,TRACKED,B. KEEP - RESEARCH DOCUMENTATION,High,No,No,No,Yes,Source,KEEP,"Durable public methodology, governance, user guidance, research summary, or assurance record.",
docs/PHASE6_VALIDATION_REPORT.md,TRACKED,G. REMOVE - DUPLICATE / OBSOLETE DOCUMENT,Low after consolidation,No,No,No,No,Historical development documentation,REMOVE FROM PUBLIC TREE; PRESERVED IN GIT HISTORY,"Superseded phase audit, remediation, implementation, blocker, or validation record; durable conclusions are retained in canonical final documentation and the new assurance index.",docs/REPRODUCIBILITY_AND_ASSURANCE.md
docs/PHASE7_ACCESS_RESOLUTION_REPORT.md,TRACKED,G. REMOVE - DUPLICATE / OBSOLETE DOCUMENT,Low after consolidation,No,No,No,No,Historical development documentation,REMOVE FROM PUBLIC TREE; PRESERVED IN GIT HISTORY,"Superseded phase audit, remediation, implementation, blocker, or validation record; durable conclusions are retained in canonical final documentation and the new assurance index.",docs/REPRODUCIBILITY_AND_ASSURANCE.md
docs/PHASE7_DATA_ACQUISITION_ACTION_PLAN.md,TRACKED,G. REMOVE - DUPLICATE / OBSOLETE DOCUMENT,Low after consolidation,No,No,No,No,Historical development documentation,REMOVE FROM PUBLIC TREE; PRESERVED IN GIT HISTORY,"Superseded phase audit, remediation, implementation, blocker, or validation record; durable conclusions are retained in canonical final documentation and the new assurance index.",docs/REPRODUCIBILITY_AND_ASSURANCE.md
docs/PHASE7_DATA_RIGHTS_REGISTER.md,TRACKED,B. KEEP - RESEARCH DOCUMENTATION,High,No,No,No,Yes,Source,KEEP,"Durable public methodology, governance, user guidance, research summary, or assurance record.",
docs/PHASE7_DATA_SOURCE_SELECTION_REPORT.md,TRACKED,G. REMOVE - DUPLICATE / OBSOLETE DOCUMENT,Low after consolidation,No,No,No,No,Historical development documentation,REMOVE FROM PUBLIC TREE; PRESERVED IN GIT HISTORY,"Superseded phase audit, remediation, implementation, blocker, or validation record; durable conclusions are retained in canonical final documentation and the new assurance index.",docs/REPRODUCIBILITY_AND_ASSURANCE.md
docs/PHASE7_EMPIRICAL_DATA_READINESS_REPORT.md,TRACKED,G. REMOVE - DUPLICATE / OBSOLETE DOCUMENT,Low after consolidation,No,No,No,No,Historical development documentation,REMOVE FROM PUBLIC TREE; PRESERVED IN GIT HISTORY,"Superseded phase audit, remediation, implementation, blocker, or validation record; durable conclusions are retained in canonical final documentation and the new assurance index.",docs/REPRODUCIBILITY_AND_ASSURANCE.md
docs/PHASE7_EMPIRICAL_INPUT_REQUIREMENTS.md,TRACKED,G. REMOVE - DUPLICATE / OBSOLETE DOCUMENT,Low after consolidation,No,No,No,No,Historical development documentation,REMOVE FROM PUBLIC TREE; PRESERVED IN GIT HISTORY,"Superseded phase audit, remediation, implementation, blocker, or validation record; durable conclusions are retained in canonical final documentation and the new assurance index.",docs/REPRODUCIBILITY_AND_ASSURANCE.md
docs/PHASE7_FREE_DATA_QUALITY_REPORT.md,TRACKED,B. KEEP - RESEARCH DOCUMENTATION,High,No,No,No,Yes,Source,KEEP,"Durable public methodology, governance, user guidance, research summary, or assurance record.",
docs/PHASE7_FREE_DATA_SOURCE_MATRIX.md,TRACKED,B. KEEP - RESEARCH DOCUMENTATION,High,No,No,No,Yes,Source,KEEP,"Durable public methodology, governance, user guidance, research summary, or assurance record.",
docs/PHASE7_FREE_DATA_UNIVERSE_PROTOCOL.md,TRACKED,B. KEEP - RESEARCH DOCUMENTATION,High,No,No,No,Yes,Source,KEEP,"Durable public methodology, governance, user guidance, research summary, or assurance record.",
docs/PHASE7_SEC_XBRL_CONCEPT_REGISTRY.md,TRACKED,B. KEEP - RESEARCH DOCUMENTATION,High,No,No,No,Yes,Source,KEEP,"Durable public methodology, governance, user guidance, research summary, or assurance record.",
docs/PHASE7_SINGLE_OWNER_ACTION_REQUIRED.md,TRACKED,G. REMOVE - DUPLICATE / OBSOLETE DOCUMENT,Low after consolidation,No,No,No,No,Historical development documentation,REMOVE FROM PUBLIC TREE; PRESERVED IN GIT HISTORY,"Superseded phase audit, remediation, implementation, blocker, or validation record; durable conclusions are retained in canonical final documentation and the new assurance index.",docs/REPRODUCIBILITY_AND_ASSURANCE.md
docs/PROJECT_CASE_STUDY.md,TRACKED,B. KEEP - RESEARCH DOCUMENTATION,High,No,No,No,Yes,Source,KEEP,"Durable public methodology, governance, user guidance, research summary, or assurance record.",
docs/PROJECT_INTERVIEW_QA.md,TRACKED,B. KEEP - RESEARCH DOCUMENTATION,High,No,No,No,Yes,Source,KEEP,"Durable public methodology, governance, user guidance, research summary, or assurance record.",
docs/PROJECT_ROADMAP.md,TRACKED,B. KEEP - RESEARCH DOCUMENTATION,High,No,No,No,Yes,Source,KEEP,"Durable public methodology, governance, user guidance, research summary, or assurance record.",
docs/PROJECT_SPECIFICATION.md,TRACKED,B. KEEP - RESEARCH DOCUMENTATION,High,No,No,No,Yes,Source,KEEP,"Durable public methodology, governance, user guidance, research summary, or assurance record.",
docs/REPOSITORY_INITIALIZATION_REPORT.md,TRACKED,G. REMOVE - DUPLICATE / OBSOLETE DOCUMENT,Low after consolidation,No,No,No,No,Historical development documentation,REMOVE FROM PUBLIC TREE; PRESERVED IN GIT HISTORY,"Superseded phase audit, remediation, implementation, blocker, or validation record; durable conclusions are retained in canonical final documentation and the new assurance index.",docs/REPRODUCIBILITY_AND_ASSURANCE.md
docs/V1_0_2_CAPABILITY_MATRIX.md,TRACKED,G. REMOVE - DUPLICATE / OBSOLETE DOCUMENT,Low after consolidation,No,No,No,No,Historical development documentation,REMOVE FROM PUBLIC TREE; PRESERVED IN GIT HISTORY,"Superseded phase audit, remediation, implementation, blocker, or validation record; durable conclusions are retained in canonical final documentation and the new assurance index.",docs/REPRODUCIBILITY_AND_ASSURANCE.md
docs/V1_0_2_CONNECTED_EVIDENCE_INDEX.md,TRACKED,G. REMOVE - DUPLICATE / OBSOLETE DOCUMENT,Low after consolidation,No,No,No,No,Historical development documentation,REMOVE FROM PUBLIC TREE; PRESERVED IN GIT HISTORY,"Superseded phase audit, remediation, implementation, blocker, or validation record; durable conclusions are retained in canonical final documentation and the new assurance index.",docs/REPRODUCIBILITY_AND_ASSURANCE.md
docs/V1_0_2_DEFECT_REGISTER.md,TRACKED,G. REMOVE - DUPLICATE / OBSOLETE DOCUMENT,Low after consolidation,No,No,No,No,Historical development documentation,REMOVE FROM PUBLIC TREE; PRESERVED IN GIT HISTORY,"Superseded phase audit, remediation, implementation, blocker, or validation record; durable conclusions are retained in canonical final documentation and the new assurance index.",docs/REPRODUCIBILITY_AND_ASSURANCE.md
docs/V1_0_2_TOTAL_FUNCTIONAL_CLOSURE_REPORT.md,TRACKED,G. REMOVE - DUPLICATE / OBSOLETE DOCUMENT,Low after consolidation,No,No,No,No,Historical development documentation,REMOVE FROM PUBLIC TREE; PRESERVED IN GIT HISTORY,"Superseded phase audit, remediation, implementation, blocker, or validation record; durable conclusions are retained in canonical final documentation and the new assurance index.",docs/REPRODUCIBILITY_AND_ASSURANCE.md
docs/V1_0_2_WARNING_REGISTER.md,TRACKED,G. REMOVE - DUPLICATE / OBSOLETE DOCUMENT,Low after consolidation,No,No,No,No,Historical development documentation,REMOVE FROM PUBLIC TREE; PRESERVED IN GIT HISTORY,"Superseded phase audit, remediation, implementation, blocker, or validation record; durable conclusions are retained in canonical final documentation and the new assurance index.",docs/REPRODUCIBILITY_AND_ASSURANCE.md
examples/templates/security_universe.csv,TRACKED,E. KEEP - EXAMPLE / SMALL PUBLIC DATA,High,No,No,No,No,Source,KEEP,Small redistributable template or data-access documentation.,
pyproject.toml,TRACKED,C. KEEP - REPRODUCIBILITY / GOVERNANCE,High,Yes,Yes,Yes,No,Source,KEEP,"Canonical packaging, dependency, environment, rights, or exclusion control.",
src/institutional_factor_platform/__init__.py,TRACKED,A. KEEP - CORE SOURCE CODE,High,Yes,Yes,Yes,No,Source,KEEP,Current implementation required by the package and tests.,
src/institutional_factor_platform/api/__init__.py,TRACKED,A. KEEP - CORE SOURCE CODE,High,Yes,Yes,Yes,No,Source,KEEP,Current implementation required by the package and tests.,
src/institutional_factor_platform/api/app.py,TRACKED,A. KEEP - CORE SOURCE CODE,High,Yes,Yes,Yes,No,Source,KEEP,Current implementation required by the package and tests.,
src/institutional_factor_platform/api/middleware.py,TRACKED,A. KEEP - CORE SOURCE CODE,High,Yes,Yes,Yes,No,Source,KEEP,Current implementation required by the package and tests.,
src/institutional_factor_platform/asset_pricing/__init__.py,TRACKED,A. KEEP - CORE SOURCE CODE,High,Yes,Yes,Yes,No,Source,KEEP,Current implementation required by the package and tests.,
src/institutional_factor_platform/asset_pricing/config.py,TRACKED,A. KEEP - CORE SOURCE CODE,High,Yes,Yes,Yes,No,Source,KEEP,Current implementation required by the package and tests.,
src/institutional_factor_platform/asset_pricing/inputs.py,TRACKED,A. KEEP - CORE SOURCE CODE,High,Yes,Yes,Yes,No,Source,KEEP,Current implementation required by the package and tests.,
src/institutional_factor_platform/asset_pricing/models.py,TRACKED,A. KEEP - CORE SOURCE CODE,High,Yes,Yes,Yes,No,Source,KEEP,Current implementation required by the package and tests.,
src/institutional_factor_platform/asset_pricing/service.py,TRACKED,A. KEEP - CORE SOURCE CODE,High,Yes,Yes,Yes,No,Source,KEEP,Current implementation required by the package and tests.,
src/institutional_factor_platform/backtest/__init__.py,TRACKED,A. KEEP - CORE SOURCE CODE,High,Yes,Yes,Yes,No,Source,KEEP,Current implementation required by the package and tests.,
src/institutional_factor_platform/backtest/costs.py,TRACKED,A. KEEP - CORE SOURCE CODE,High,Yes,Yes,Yes,No,Source,KEEP,Current implementation required by the package and tests.,
src/institutional_factor_platform/backtest/engine.py,TRACKED,A. KEEP - CORE SOURCE CODE,High,Yes,Yes,Yes,No,Source,KEEP,Current implementation required by the package and tests.,
src/institutional_factor_platform/cli.py,TRACKED,A. KEEP - CORE SOURCE CODE,High,Yes,Yes,Yes,No,Source,KEEP,Current implementation required by the package and tests.,
src/institutional_factor_platform/configuration.py,TRACKED,A. KEEP - CORE SOURCE CODE,High,Yes,Yes,Yes,No,Source,KEEP,Current implementation required by the package and tests.,
src/institutional_factor_platform/constraints/__init__.py,TRACKED,A. KEEP - CORE SOURCE CODE,High,Yes,Yes,Yes,No,Source,KEEP,Current implementation required by the package and tests.,
src/institutional_factor_platform/constraints/models.py,TRACKED,A. KEEP - CORE SOURCE CODE,High,Yes,Yes,Yes,No,Source,KEEP,Current implementation required by the package and tests.,
src/institutional_factor_platform/dashboard/__init__.py,TRACKED,A. KEEP - CORE SOURCE CODE,High,Yes,Yes,Yes,No,Source,KEEP,Current implementation required by the package and tests.,
src/institutional_factor_platform/dashboard/app.py,TRACKED,A. KEEP - CORE SOURCE CODE,High,Yes,Yes,Yes,No,Source,KEEP,Current implementation required by the package and tests.,
src/institutional_factor_platform/dashboard/client.py,TRACKED,A. KEEP - CORE SOURCE CODE,High,Yes,Yes,Yes,No,Source,KEEP,Current implementation required by the package and tests.,
src/institutional_factor_platform/dashboard/launcher.py,TRACKED,A. KEEP - CORE SOURCE CODE,High,Yes,Yes,Yes,No,Source,KEEP,Current implementation required by the package and tests.,
src/institutional_factor_platform/dashboard/presentation.py,TRACKED,A. KEEP - CORE SOURCE CODE,High,Yes,Yes,Yes,No,Source,KEEP,Current implementation required by the package and tests.,
src/institutional_factor_platform/data/__init__.py,TRACKED,A. KEEP - CORE SOURCE CODE,High,Yes,Yes,Yes,No,Source,KEEP,Current implementation required by the package and tests.,
src/institutional_factor_platform/data/access.py,TRACKED,A. KEEP - CORE SOURCE CODE,High,Yes,Yes,Yes,No,Source,KEEP,Current implementation required by the package and tests.,
src/institutional_factor_platform/data/calendar.py,TRACKED,A. KEEP - CORE SOURCE CODE,High,Yes,Yes,Yes,No,Source,KEEP,Current implementation required by the package and tests.,
src/institutional_factor_platform/data/config.py,TRACKED,A. KEEP - CORE SOURCE CODE,High,Yes,Yes,Yes,No,Source,KEEP,Current implementation required by the package and tests.,
src/institutional_factor_platform/data/contracts.py,TRACKED,A. KEEP - CORE SOURCE CODE,High,Yes,Yes,Yes,No,Source,KEEP,Current implementation required by the package and tests.,
src/institutional_factor_platform/data/domain.py,TRACKED,A. KEEP - CORE SOURCE CODE,High,Yes,Yes,Yes,No,Source,KEEP,Current implementation required by the package and tests.,
src/institutional_factor_platform/data/evidence.py,TRACKED,A. KEEP - CORE SOURCE CODE,High,Yes,Yes,Yes,No,Source,KEEP,Current implementation required by the package and tests.,
src/institutional_factor_platform/data/lineage.py,TRACKED,A. KEEP - CORE SOURCE CODE,High,Yes,Yes,Yes,No,Source,KEEP,Current implementation required by the package and tests.,
src/institutional_factor_platform/data/manifests.py,TRACKED,A. KEEP - CORE SOURCE CODE,High,Yes,Yes,Yes,No,Source,KEEP,Current implementation required by the package and tests.,
src/institutional_factor_platform/data/sec_concepts.py,TRACKED,A. KEEP - CORE SOURCE CODE,High,Yes,Yes,Yes,No,Source,KEEP,Current implementation required by the package and tests.,
src/institutional_factor_platform/data/sec_listing.py,TRACKED,A. KEEP - CORE SOURCE CODE,High,Yes,Yes,Yes,No,Source,KEEP,Current implementation required by the package and tests.,
src/institutional_factor_platform/data/sec_projection.py,TRACKED,A. KEEP - CORE SOURCE CODE,High,Yes,Yes,Yes,No,Source,KEEP,Current implementation required by the package and tests.,
src/institutional_factor_platform/data/security_master.py,TRACKED,A. KEEP - CORE SOURCE CODE,High,Yes,Yes,Yes,No,Source,KEEP,Current implementation required by the package and tests.,
src/institutional_factor_platform/data/services.py,TRACKED,A. KEEP - CORE SOURCE CODE,High,Yes,Yes,Yes,No,Source,KEEP,Current implementation required by the package and tests.,
src/institutional_factor_platform/data/sources/__init__.py,TRACKED,A. KEEP - CORE SOURCE CODE,High,Yes,Yes,Yes,No,Source,KEEP,Current implementation required by the package and tests.,
src/institutional_factor_platform/data/sources/alpha_vantage.py,TRACKED,A. KEEP - CORE SOURCE CODE,High,Yes,Yes,Yes,No,Source,KEEP,Current implementation required by the package and tests.,
src/institutional_factor_platform/data/sources/base.py,TRACKED,A. KEEP - CORE SOURCE CODE,High,Yes,Yes,Yes,No,Source,KEEP,Current implementation required by the package and tests.,
src/institutional_factor_platform/data/sources/fred.py,TRACKED,A. KEEP - CORE SOURCE CODE,High,Yes,Yes,Yes,No,Source,KEEP,Current implementation required by the package and tests.,
src/institutional_factor_platform/data/sources/french.py,TRACKED,A. KEEP - CORE SOURCE CODE,High,Yes,Yes,Yes,No,Source,KEEP,Current implementation required by the package and tests.,
src/institutional_factor_platform/data/sources/hf_data_library.py,TRACKED,A. KEEP - CORE SOURCE CODE,High,Yes,Yes,Yes,No,Source,KEEP,Current implementation required by the package and tests.,
src/institutional_factor_platform/data/sources/owner_supplied.py,TRACKED,A. KEEP - CORE SOURCE CODE,High,Yes,Yes,Yes,No,Source,KEEP,Current implementation required by the package and tests.,
src/institutional_factor_platform/data/sources/sec_edgar.py,TRACKED,A. KEEP - CORE SOURCE CODE,High,Yes,Yes,Yes,No,Source,KEEP,Current implementation required by the package and tests.,
src/institutional_factor_platform/data/sources/sec_inline_xbrl.py,TRACKED,A. KEEP - CORE SOURCE CODE,High,Yes,Yes,Yes,No,Source,KEEP,Current implementation required by the package and tests.,
src/institutional_factor_platform/data/sources/sec_legacy_xbrl.py,TRACKED,A. KEEP - CORE SOURCE CODE,High,Yes,Yes,Yes,No,Source,KEEP,Current implementation required by the package and tests.,
src/institutional_factor_platform/data/sources/sec_submissions.py,TRACKED,A. KEEP - CORE SOURCE CODE,High,Yes,Yes,Yes,No,Source,KEEP,Current implementation required by the package and tests.,
src/institutional_factor_platform/data/sources/yahoo.py,TRACKED,A. KEEP - CORE SOURCE CODE,High,Yes,Yes,Yes,No,Source,KEEP,Current implementation required by the package and tests.,
src/institutional_factor_platform/data/storage.py,TRACKED,A. KEEP - CORE SOURCE CODE,High,Yes,Yes,Yes,No,Source,KEEP,Current implementation required by the package and tests.,
src/institutional_factor_platform/data/validation.py,TRACKED,A. KEEP - CORE SOURCE CODE,High,Yes,Yes,Yes,No,Source,KEEP,Current implementation required by the package and tests.,
src/institutional_factor_platform/delivery/__init__.py,TRACKED,A. KEEP - CORE SOURCE CODE,High,Yes,Yes,Yes,No,Source,KEEP,Current implementation required by the package and tests.,
src/institutional_factor_platform/delivery/catalog.py,TRACKED,A. KEEP - CORE SOURCE CODE,High,Yes,Yes,Yes,No,Source,KEEP,Current implementation required by the package and tests.,
src/institutional_factor_platform/delivery/config.py,TRACKED,A. KEEP - CORE SOURCE CODE,High,Yes,Yes,Yes,No,Source,KEEP,Current implementation required by the package and tests.,
src/institutional_factor_platform/delivery/provenance.py,TRACKED,A. KEEP - CORE SOURCE CODE,High,Yes,Yes,Yes,No,Source,KEEP,Current implementation required by the package and tests.,
src/institutional_factor_platform/delivery/reporting.py,TRACKED,A. KEEP - CORE SOURCE CODE,High,Yes,Yes,Yes,No,Source,KEEP,Current implementation required by the package and tests.,
src/institutional_factor_platform/delivery/schemas.py,TRACKED,A. KEEP - CORE SOURCE CODE,High,Yes,Yes,Yes,No,Source,KEEP,Current implementation required by the package and tests.,
src/institutional_factor_platform/delivery/service.py,TRACKED,A. KEEP - CORE SOURCE CODE,High,Yes,Yes,Yes,No,Source,KEEP,Current implementation required by the package and tests.,
src/institutional_factor_platform/diagnostics/__init__.py,TRACKED,A. KEEP - CORE SOURCE CODE,High,Yes,Yes,Yes,No,Source,KEEP,Current implementation required by the package and tests.,
src/institutional_factor_platform/diagnostics/regression.py,TRACKED,A. KEEP - CORE SOURCE CODE,High,Yes,Yes,Yes,No,Source,KEEP,Current implementation required by the package and tests.,
src/institutional_factor_platform/exceptions.py,TRACKED,A. KEEP - CORE SOURCE CODE,High,Yes,Yes,Yes,No,Source,KEEP,Current implementation required by the package and tests.,
src/institutional_factor_platform/factors/__init__.py,TRACKED,A. KEEP - CORE SOURCE CODE,High,Yes,Yes,Yes,No,Source,KEEP,Current implementation required by the package and tests.,
src/institutional_factor_platform/factors/config.py,TRACKED,A. KEEP - CORE SOURCE CODE,High,Yes,Yes,Yes,No,Source,KEEP,Current implementation required by the package and tests.,
src/institutional_factor_platform/factors/contracts.py,TRACKED,A. KEEP - CORE SOURCE CODE,High,Yes,Yes,Yes,No,Source,KEEP,Current implementation required by the package and tests.,
src/institutional_factor_platform/factors/definitions.py,TRACKED,A. KEEP - CORE SOURCE CODE,High,Yes,Yes,Yes,No,Source,KEEP,Current implementation required by the package and tests.,
src/institutional_factor_platform/factors/diagnostics.py,TRACKED,A. KEEP - CORE SOURCE CODE,High,Yes,Yes,Yes,No,Source,KEEP,Current implementation required by the package and tests.,
src/institutional_factor_platform/factors/portfolio.py,TRACKED,A. KEEP - CORE SOURCE CODE,High,Yes,Yes,Yes,No,Source,KEEP,Current implementation required by the package and tests.,
src/institutional_factor_platform/factors/preprocessing.py,TRACKED,A. KEEP - CORE SOURCE CODE,High,Yes,Yes,Yes,No,Source,KEEP,Current implementation required by the package and tests.,
src/institutional_factor_platform/factors/service.py,TRACKED,A. KEEP - CORE SOURCE CODE,High,Yes,Yes,Yes,No,Source,KEEP,Current implementation required by the package and tests.,
src/institutional_factor_platform/factors/storage.py,TRACKED,A. KEEP - CORE SOURCE CODE,High,Yes,Yes,Yes,No,Source,KEEP,Current implementation required by the package and tests.,
src/institutional_factor_platform/factors/temporal.py,TRACKED,A. KEEP - CORE SOURCE CODE,High,Yes,Yes,Yes,No,Source,KEEP,Current implementation required by the package and tests.,
src/institutional_factor_platform/factors/validation.py,TRACKED,A. KEEP - CORE SOURCE CODE,High,Yes,Yes,Yes,No,Source,KEEP,Current implementation required by the package and tests.,
src/institutional_factor_platform/logging.py,TRACKED,A. KEEP - CORE SOURCE CODE,High,Yes,Yes,Yes,No,Source,KEEP,Current implementation required by the package and tests.,
src/institutional_factor_platform/ml/__init__.py,TRACKED,A. KEEP - CORE SOURCE CODE,High,Yes,Yes,Yes,No,Source,KEEP,Current implementation required by the package and tests.,
src/institutional_factor_platform/ml/config.py,TRACKED,A. KEEP - CORE SOURCE CODE,High,Yes,Yes,Yes,No,Source,KEEP,Current implementation required by the package and tests.,
src/institutional_factor_platform/ml/contracts.py,TRACKED,A. KEEP - CORE SOURCE CODE,High,Yes,Yes,Yes,No,Source,KEEP,Current implementation required by the package and tests.,
src/institutional_factor_platform/ml/economic.py,TRACKED,A. KEEP - CORE SOURCE CODE,High,Yes,Yes,Yes,No,Source,KEEP,Current implementation required by the package and tests.,
src/institutional_factor_platform/ml/evaluation.py,TRACKED,A. KEEP - CORE SOURCE CODE,High,Yes,Yes,Yes,No,Source,KEEP,Current implementation required by the package and tests.,
src/institutional_factor_platform/ml/features.py,TRACKED,A. KEEP - CORE SOURCE CODE,High,Yes,Yes,Yes,No,Source,KEEP,Current implementation required by the package and tests.,
src/institutional_factor_platform/ml/models.py,TRACKED,A. KEEP - CORE SOURCE CODE,High,Yes,Yes,Yes,No,Source,KEEP,Current implementation required by the package and tests.,
src/institutional_factor_platform/ml/preprocessing.py,TRACKED,A. KEEP - CORE SOURCE CODE,High,Yes,Yes,Yes,No,Source,KEEP,Current implementation required by the package and tests.,
src/institutional_factor_platform/ml/publication.py,TRACKED,A. KEEP - CORE SOURCE CODE,High,Yes,Yes,Yes,No,Source,KEEP,Current implementation required by the package and tests.,
src/institutional_factor_platform/ml/service.py,TRACKED,A. KEEP - CORE SOURCE CODE,High,Yes,Yes,Yes,No,Source,KEEP,Current implementation required by the package and tests.,
src/institutional_factor_platform/ml/splits.py,TRACKED,A. KEEP - CORE SOURCE CODE,High,Yes,Yes,Yes,No,Source,KEEP,Current implementation required by the package and tests.,
src/institutional_factor_platform/ml/targets.py,TRACKED,A. KEEP - CORE SOURCE CODE,High,Yes,Yes,Yes,No,Source,KEEP,Current implementation required by the package and tests.,
src/institutional_factor_platform/ml/validation.py,TRACKED,A. KEEP - CORE SOURCE CODE,High,Yes,Yes,Yes,No,Source,KEEP,Current implementation required by the package and tests.,
src/institutional_factor_platform/model_validation/__init__.py,TRACKED,A. KEEP - CORE SOURCE CODE,High,Yes,Yes,Yes,No,Source,KEEP,Current implementation required by the package and tests.,
src/institutional_factor_platform/model_validation/inputs.py,TRACKED,A. KEEP - CORE SOURCE CODE,High,Yes,Yes,Yes,No,Source,KEEP,Current implementation required by the package and tests.,
src/institutional_factor_platform/numeric.py,TRACKED,A. KEEP - CORE SOURCE CODE,High,Yes,Yes,Yes,No,Source,KEEP,Current implementation required by the package and tests.,
src/institutional_factor_platform/observability/__init__.py,TRACKED,A. KEEP - CORE SOURCE CODE,High,Yes,Yes,Yes,No,Source,KEEP,Current implementation required by the package and tests.,
src/institutional_factor_platform/observability/logging.py,TRACKED,A. KEEP - CORE SOURCE CODE,High,Yes,Yes,Yes,No,Source,KEEP,Current implementation required by the package and tests.,
src/institutional_factor_platform/observability/metrics.py,TRACKED,A. KEEP - CORE SOURCE CODE,High,Yes,Yes,Yes,No,Source,KEEP,Current implementation required by the package and tests.,
src/institutional_factor_platform/optimization/__init__.py,TRACKED,A. KEEP - CORE SOURCE CODE,High,Yes,Yes,Yes,No,Source,KEEP,Current implementation required by the package and tests.,
src/institutional_factor_platform/optimization/black_litterman.py,TRACKED,A. KEEP - CORE SOURCE CODE,High,Yes,Yes,Yes,No,Source,KEEP,Current implementation required by the package and tests.,
src/institutional_factor_platform/optimization/covariance.py,TRACKED,A. KEEP - CORE SOURCE CODE,High,Yes,Yes,Yes,No,Source,KEEP,Current implementation required by the package and tests.,
src/institutional_factor_platform/optimization/engine.py,TRACKED,A. KEEP - CORE SOURCE CODE,High,Yes,Yes,Yes,No,Source,KEEP,Current implementation required by the package and tests.,
src/institutional_factor_platform/optimization/hrp.py,TRACKED,A. KEEP - CORE SOURCE CODE,High,Yes,Yes,Yes,No,Source,KEEP,Current implementation required by the package and tests.,
src/institutional_factor_platform/performance/__init__.py,TRACKED,A. KEEP - CORE SOURCE CODE,High,Yes,Yes,Yes,No,Source,KEEP,Current implementation required by the package and tests.,
src/institutional_factor_platform/performance/metrics.py,TRACKED,A. KEEP - CORE SOURCE CODE,High,Yes,Yes,Yes,No,Source,KEEP,Current implementation required by the package and tests.,
src/institutional_factor_platform/portfolio/__init__.py,TRACKED,A. KEEP - CORE SOURCE CODE,High,Yes,Yes,Yes,No,Source,KEEP,Current implementation required by the package and tests.,
src/institutional_factor_platform/portfolio/allocations.py,TRACKED,A. KEEP - CORE SOURCE CODE,High,Yes,Yes,Yes,No,Source,KEEP,Current implementation required by the package and tests.,
src/institutional_factor_platform/portfolio/config.py,TRACKED,A. KEEP - CORE SOURCE CODE,High,Yes,Yes,Yes,No,Source,KEEP,Current implementation required by the package and tests.,
src/institutional_factor_platform/portfolio/service.py,TRACKED,A. KEEP - CORE SOURCE CODE,High,Yes,Yes,Yes,No,Source,KEEP,Current implementation required by the package and tests.,
src/institutional_factor_platform/project.py,TRACKED,A. KEEP - CORE SOURCE CODE,High,Yes,Yes,Yes,No,Source,KEEP,Current implementation required by the package and tests.,
src/institutional_factor_platform/py.typed,TRACKED,A. KEEP - CORE SOURCE CODE,High,Yes,Yes,Yes,No,Source,KEEP,Current implementation required by the package and tests.,
src/institutional_factor_platform/regression/__init__.py,TRACKED,A. KEEP - CORE SOURCE CODE,High,Yes,Yes,Yes,No,Source,KEEP,Current implementation required by the package and tests.,
src/institutional_factor_platform/regression/engine.py,TRACKED,A. KEEP - CORE SOURCE CODE,High,Yes,Yes,Yes,No,Source,KEEP,Current implementation required by the package and tests.,
src/institutional_factor_platform/research_outputs/__init__.py,TRACKED,A. KEEP - CORE SOURCE CODE,High,Yes,Yes,Yes,No,Source,KEEP,Current implementation required by the package and tests.,
src/institutional_factor_platform/research_outputs/portfolio_storage.py,TRACKED,A. KEEP - CORE SOURCE CODE,High,Yes,Yes,Yes,No,Source,KEEP,Current implementation required by the package and tests.,
src/institutional_factor_platform/research_outputs/storage.py,TRACKED,A. KEEP - CORE SOURCE CODE,High,Yes,Yes,Yes,No,Source,KEEP,Current implementation required by the package and tests.,
src/institutional_factor_platform/risk/__init__.py,TRACKED,A. KEEP - CORE SOURCE CODE,High,Yes,Yes,Yes,No,Source,KEEP,Current implementation required by the package and tests.,
src/institutional_factor_platform/risk/metrics.py,TRACKED,A. KEEP - CORE SOURCE CODE,High,Yes,Yes,Yes,No,Source,KEEP,Current implementation required by the package and tests.,
src/institutional_factor_platform/scenarios/__init__.py,TRACKED,A. KEEP - CORE SOURCE CODE,High,Yes,Yes,Yes,No,Source,KEEP,Current implementation required by the package and tests.,
src/institutional_factor_platform/scenarios/engine.py,TRACKED,A. KEEP - CORE SOURCE CODE,High,Yes,Yes,Yes,No,Source,KEEP,Current implementation required by the package and tests.,
src/institutional_factor_platform/statistical_tests/__init__.py,TRACKED,A. KEEP - CORE SOURCE CODE,High,Yes,Yes,Yes,No,Source,KEEP,Current implementation required by the package and tests.,
src/institutional_factor_platform/statistical_tests/tests.py,TRACKED,A. KEEP - CORE SOURCE CODE,High,Yes,Yes,Yes,No,Source,KEEP,Current implementation required by the package and tests.,
tests/crash_worker.py,TRACKED,D. KEEP - TESTS,High,Yes,Yes,No,No,Source,KEEP,Validates current public code and release controls.,
tests/test_configuration.py,TRACKED,D. KEEP - TESTS,High,Yes,Yes,No,No,Source,KEEP,Validates current public code and release controls.,
tests/test_final_assurance_remediation.py,TRACKED,D. KEEP - TESTS,High,Yes,Yes,No,No,Source,KEEP,Validates current public code and release controls.,
tests/test_full_platform_connected.py,TRACKED,D. KEEP - TESTS,High,Yes,Yes,No,No,Source,KEEP,Validates current public code and release controls.,
tests/test_logging.py,TRACKED,D. KEEP - TESTS,High,Yes,Yes,No,No,Source,KEEP,Validates current public code and release controls.,
tests/test_manifests_storage.py,TRACKED,D. KEEP - TESTS,High,Yes,Yes,No,No,Source,KEEP,Validates current public code and release controls.,
tests/test_package.py,TRACKED,D. KEEP - TESTS,High,Yes,Yes,No,No,Source,KEEP,Validates current public code and release controls.,
tests/test_phase1_config_domain.py,TRACKED,D. KEEP - TESTS,High,Yes,Yes,No,No,Source,KEEP,Validates current public code and release controls.,
tests/test_phase2_factor_engine.py,TRACKED,D. KEEP - TESTS,High,Yes,Yes,No,No,Source,KEEP,Validates current public code and release controls.,
tests/test_phase3_asset_pricing.py,TRACKED,D. KEEP - TESTS,High,Yes,Yes,No,No,Source,KEEP,Validates current public code and release controls.,
tests/test_phase4_portfolio_risk.py,TRACKED,D. KEEP - TESTS,High,Yes,Yes,No,No,Source,KEEP,Validates current public code and release controls.,
tests/test_phase5_ml.py,TRACKED,D. KEEP - TESTS,High,Yes,Yes,No,No,Source,KEEP,Validates current public code and release controls.,
tests/test_phase6_delivery.py,TRACKED,D. KEEP - TESTS,High,Yes,Yes,No,No,Source,KEEP,Validates current public code and release controls.,
tests/test_phase6_deployment.py,TRACKED,D. KEEP - TESTS,High,Yes,Yes,No,No,Source,KEEP,Validates current public code and release controls.,
tests/test_project.py,TRACKED,D. KEEP - TESTS,High,Yes,Yes,No,No,Source,KEEP,Validates current public code and release controls.,
tests/test_sec_concepts.py,TRACKED,D. KEEP - TESTS,High,Yes,Yes,No,No,Source,KEEP,Validates current public code and release controls.,
tests/test_sec_inline_xbrl.py,TRACKED,D. KEEP - TESTS,High,Yes,Yes,No,No,Source,KEEP,Validates current public code and release controls.,
tests/test_sec_legacy_xbrl.py,TRACKED,D. KEEP - TESTS,High,Yes,Yes,No,No,Source,KEEP,Validates current public code and release controls.,
tests/test_sec_listing.py,TRACKED,D. KEEP - TESTS,High,Yes,Yes,No,No,Source,KEEP,Validates current public code and release controls.,
tests/test_sec_projection.py,TRACKED,D. KEEP - TESTS,High,Yes,Yes,No,No,Source,KEEP,Validates current public code and release controls.,
tests/test_sec_submissions.py,TRACKED,D. KEEP - TESTS,High,Yes,Yes,No,No,Source,KEEP,Validates current public code and release controls.,
tests/test_service_cli_calendar.py,TRACKED,D. KEEP - TESTS,High,Yes,Yes,No,No,Source,KEEP,Validates current public code and release controls.,
tests/test_third_remediation.py,TRACKED,D. KEEP - TESTS,High,Yes,Yes,No,No,Source,KEEP,Validates current public code and release controls.,
tests/test_validation_adapters.py,TRACKED,D. KEEP - TESTS,High,Yes,Yes,No,No,Source,KEEP,Validates current public code and release controls.,
uv.lock,TRACKED,C. KEEP - REPRODUCIBILITY / GOVERNANCE,High,Yes,Yes,Yes,No,Source,KEEP,"Canonical packaging, dependency, environment, rights, or exclusion control.",
.venv/,IGNORED LOCAL ROOT,H. REMOVE OR IGNORE - LOCAL ENVIRONMENT,Not for public Git,Potentially,Yes,Local research only,Documented in data/README.md,Local evidence/runtime,KEEP LOCALLY + GIT-IGNORE,Local dependency environment; retained locally and ignored.,data/README.md
outputs/,IGNORED LOCAL ROOT,H. REMOVE OR IGNORE - LOCAL ENVIRONMENT,Not for public Git,Potentially,Yes,Local research only,Documented in data/README.md,Local evidence/runtime,KEEP LOCALLY + GIT-IGNORE,"Local empirical publications, evidence, reports, and renders; retained locally and ignored except the reviewed cleanup report.",data/README.md
logs/,IGNORED LOCAL ROOT,F. REMOVE - GENERATED CLUTTER,Not for public Git,Potentially,Yes,Local research only,Documented in data/README.md,Local evidence/runtime,KEEP LOCALLY + GIT-IGNORE,Disposable runtime logs; ignored.,data/README.md
data/raw/,IGNORED LOCAL ROOT,I. NEVER COMMIT - SENSITIVE OR RESTRICTED,Not for public Git,Potentially,Yes,Local research only,Documented in data/README.md,Local evidence/runtime,KEEP LOCALLY + GIT-IGNORE,Provider source bytes; retained locally and ignored.,data/README.md
data/processed/,IGNORED LOCAL ROOT,I. NEVER COMMIT - SENSITIVE OR RESTRICTED,Not for public Git,Potentially,Yes,Local research only,Documented in data/README.md,Local evidence/runtime,KEEP LOCALLY + GIT-IGNORE,Generated empirical data; retained locally and ignored.,data/README.md
data/factors/,IGNORED LOCAL ROOT,I. NEVER COMMIT - SENSITIVE OR RESTRICTED,Not for public Git,Potentially,Yes,Local research only,Documented in data/README.md,Local evidence/runtime,KEEP LOCALLY + GIT-IGNORE,Authenticated local publications; retained locally and ignored.,data/README.md
data/asset_pricing/,IGNORED LOCAL ROOT,I. NEVER COMMIT - SENSITIVE OR RESTRICTED,Not for public Git,Potentially,Yes,Local research only,Documented in data/README.md,Local evidence/runtime,KEEP LOCALLY + GIT-IGNORE,Authenticated local publications; retained locally and ignored.,data/README.md
data/portfolios/,IGNORED LOCAL ROOT,I. NEVER COMMIT - SENSITIVE OR RESTRICTED,Not for public Git,Potentially,Yes,Local research only,Documented in data/README.md,Local evidence/runtime,KEEP LOCALLY + GIT-IGNORE,Authenticated local publications; retained locally and ignored.,data/README.md
data/ml/,IGNORED LOCAL ROOT,I. NEVER COMMIT - SENSITIVE OR RESTRICTED,Not for public Git,Potentially,Yes,Local research only,Documented in data/README.md,Local evidence/runtime,KEEP LOCALLY + GIT-IGNORE,Authenticated local publications; retained locally and ignored.,data/README.md
